{"coord_x": 524.6463963255421, "coord_y": 166.02074321732766, "angle": 46.948347097137585}